[null,{"name":"Game1","temp":"","event-type":"12","actions":[{"gameName":"banhammer make me sad :(","gameLink":"","name":"Set Bot Game"},{"status":"3","name":"Set Bot Status"}]},{"name":"Game2","temp":"","event-type":"37","actions":[{"gameName":"im broken? :/","gameLink":"","name":"Set Bot Game"}]},{"name":"Game3","temp":"","event-type":"34","actions":[{"gameName":"listening to what y'all are saying","gameLink":"","name":"Set Bot Game"},{"status":"0","name":"Set Bot Status"}]},{"name":"Game4","temp":"","event-type":"35","actions":[{"gameName":"just chilling ;)","gameLink":"","name":"Set Bot Game"},{"status":"1","name":"Set Bot Status"}]},{"name":"ChannelPin","temp":"ChannelPin","event-type":"24","actions":[{"info":"0","find":"601125056076185631","storage":"1","varName":"channel","name":"Find Channel"},{"channel":"5","varName":"channel","message":"Something has been pinned in ${tempVars(\"ChannelPin\")}. I reckon you should check it out. It could be important!","storage":"0","varName2":"","name":"Send Message"}]}]